source_url,type,discovery_status,notes
http://www.consult.med.br,home,discovered,"Current public root"
http://www.consult.med.br/index.html,legacy_static,discovered,"Legacy home alias"
http://www.consult.med.br/contato.html,legacy_static,404_verified,"Firecrawl live scrape returned HostGator 404 on 2026-10-10"
http://www.consult.med.br/empresa.html,legacy_static,404_verified,"Firecrawl live scrape returned HostGator 404 on 2026-10-10"
http://www.consult.med.br/pericia.html,legacy_static,404_verified,"Firecrawl live scrape returned HostGator 404 on 2026-10-10"
http://www.consult.med.br/radio.html,legacy_static,404_verified,"Firecrawl live scrape returned HostGator 404 on 2026-10-10"
http://www.consult.med.br/saude.html,legacy_static,404_verified,"Firecrawl live scrape returned HostGator 404 on 2026-10-10"
http://www.consult.med.br/posts/?ct=conversando-sobre-radioprotecao-U0N0a3cwZjc3VHQ0c3FxSnJjWU1PQT09,legacy_blog_category,discovered,"Category index"
http://www.consult.med.br/posts/?ct=conversando-sobre-radioprotecao-U0N0a3cwZjc3VHQ0c3FxSnJjWU1PQT09&page=2,legacy_blog_pagination,discovered,"Category pagination"
http://www.consult.med.br/posts/?ct=conversando-sobre-radioprotecao-U0N0a3cwZjc3VHQ0c3FxSnJjWU1PQT09&page=3,legacy_blog_pagination,discovered,"Category pagination"
http://www.consult.med.br/posts/?ct=conversando-sobre-radioprotecao-U0N0a3cwZjc3VHQ0c3FxSnJjWU1PQT09&page=4,legacy_blog_pagination,discovered,"Category pagination"
http://www.consult.med.br/posts/?ct=conversando-sobre-radioprotecao-U0N0a3cwZjc3VHQ0c3FxSnJjWU1PQT09&page=5,legacy_blog_pagination,discovered,"Category pagination"
http://www.consult.med.br/posts/?ct=conversando-sobre-radioprotecao-U0N0a3cwZjc3VHQ0c3FxSnJjWU1PQT09&page=6,legacy_blog_pagination,discovered,"Category pagination"
"http://www.consult.med.br/posts/?dt=25-anos-de-avancos-em-tc-permitiram-reduzir-doses-por-fator-de-2-a-10-mostra-revisao-no-ajr-a1hsTDlUemZMRWZrMXRJMURtK2JnZz09",legacy_blog_post,migrated_full,"Conteúdo integral preservado; redirect 301 individual preparado para /blog/<slug>"
"http://www.consult.med.br/posts/?dt=5-procedimentos-simples-para-garantir-a-confiabilidade-do-seu-ultrassom-d3dseEF0OEZyR3kzKzJ2S1E3OEdtZz09",legacy_blog_post,migrated_full,"Conteúdo integral preservado; redirect 301 individual preparado para /blog/<slug>"
"http://www.consult.med.br/posts/?dt=aapm-rpt-260-sobre-a-utilizacao-de-dispositivos-moveis-para-visualizacao-de-imagens-medicas-ZlhuM1czUXJNdy9jZS9DNWFFVGJvQT09",legacy_blog_post,migrated_full,"Conteúdo integral preservado; redirect 301 individual preparado para /blog/<slug>"
"http://www.consult.med.br/posts/?dt=acr-endossa-posicao-da-aapm-sobre-descontinuacao-da-blindagem-de-gonadas-e-fetal-durante-procedimentos-radiologicos-elRZVGRleFNEelZhTGI1RFlKWXZkQT09",legacy_blog_post,migrated_full,"Conteúdo integral preservado; redirect 301 individual preparado para /blog/<slug>"
"http://www.consult.med.br/posts/?dt=alara-9-sociedades-medicas-lancam-nova-doutrina-de-radioprotecao-em-fluoroscopia-V0VMYXQ2NncxUkgrUW5kRFlXb2paQT09",legacy_blog_post,migrated_full,"Conteúdo integral preservado; redirect 301 individual preparado para /blog/<slug>"
"http://www.consult.med.br/posts/?dt=consult-fortalece-educacao-continuada-com-nova-plataforma-de-cursos-digitais-M1RmNTNHUnRGSjNnbkRKaTA4RTdoUT09",legacy_blog_post,migrated_full,"Conteúdo integral preservado; redirect 301 individual preparado para /blog/<slug>"
"http://www.consult.med.br/posts/?dt=controle-de-qualidade-e-levantamento-radiometrico-o-check-up-que-mantem-sua-radiologia-segura-regular-e-previsivel-cEJvU09nRUpxVEY4b1YwdTF3aEVRZz09",legacy_blog_post,migrated_full,"Conteúdo integral preservado; redirect 301 individual preparado para /blog/<slug>"
"http://www.consult.med.br/posts/?dt=controle-de-qualidade-em-ultrassom-sua-clinica-esta-atendendo-a-instrucao-normativa-96-da-anvisa-RXFycUhVWE82Y2tvejNKR3NmeDRzZz09",legacy_blog_post,migrated_full,"Conteúdo integral preservado; redirect 301 individual preparado para /blog/<slug>"
"http://www.consult.med.br/posts/?dt=densidade-mamaria-na-mamografia-como-ela-afeta-os-indicadores-de-performance-nos-programas-de-rastreamento-U0JRTVI1eWoyWTJsdTZjemROaDgyZz09",legacy_blog_post,migrated_full,"Conteúdo integral preservado; redirect 301 individual preparado para /blog/<slug>"
"http://www.consult.med.br/posts/?dt=dose-no-cristalino-em-procedimentos-intervencionistas-monitorar-antes-que-o-limite-chegue-V2VQSEZJdTZneUtNYmlIcHp2RzhxQT09",legacy_blog_post,migrated_full,"Conteúdo integral preservado; redirect 301 individual preparado para /blog/<slug>"
"http://www.consult.med.br/posts/?dt=dose-no-cristalino-em-radiologia-intervencionista-como-medir-de-verdade-QmZLdEJmUXpXUDVRYUdQRlBwRjlqUT09",legacy_blog_post,migrated_full,"Conteúdo integral preservado; redirect 301 individual preparado para /blog/<slug>"
"http://www.consult.med.br/posts/?dt=dosimetro-instadose-leitura-complementar-confiavel-por-um-preco-acessivel-NkJFYmhzUlJGaWFRSFUwbWk1cTMxZz09",legacy_blog_post,migrated_full,"Conteúdo integral preservado; redirect 301 individual preparado para /blog/<slug>"
"http://www.consult.med.br/posts/?dt=estudo-global-revela-grande-variacao-nas-doses-de-radiacao-em-imagem-cardiaca-WHNTa0Uremt5VWdrdTZzZVIxZmlpQT09",legacy_blog_post,migrated_full,"Conteúdo integral preservado; redirect 301 individual preparado para /blog/<slug>"
"http://www.consult.med.br/posts/?dt=exames-radiologicos-na-gravidez-ZmU5MldCTGZzVWVicEVvWjlBSzBnUT09",legacy_blog_post,migrated_full,"Conteúdo integral preservado; redirect 301 individual preparado para /blog/<slug>"
"http://www.consult.med.br/posts/?dt=fatores-que-afetam-a-detectividade-do-cancer-de-mama-na-tomosintese-de-mama-e-mamografia-em-pacientes-com-seios-densos-bVZhbWl3aG1rSzJCQ0FCd2VGQ1p4QT09",legacy_blog_post,migrated_full,"Conteúdo integral preservado; redirect 301 individual preparado para /blog/<slug>"
"http://www.consult.med.br/posts/?dt=fda-concede-designacao-breakthrough-a-ias-generativas-que-redigem-laudos-radiologicos-emdEbk9wbEtQQ0xVSUdJZ1JpeUIydz09",legacy_blog_post,migrated_full,"Conteúdo integral preservado; redirect 301 individual preparado para /blog/<slug>"
"http://www.consult.med.br/posts/?dt=fda-nega-peticao-para-isentar-ia-de-revisao-pre-mercado-em-radiologia-o-que-isso-significa-para-o-setor-MHNYS0tOd2o4bXNza0NTOUhSb080QT09",legacy_blog_post,migrated_full,"Conteúdo integral preservado; redirect 301 individual preparado para /blog/<slug>"
"http://www.consult.med.br/posts/?dt=gerenciamento-da-dose-de-radiacao-do-paciente-em-radiologia-intervencionista-dThvWUNsclA4SVNxV081YjVNS1hJdz09",legacy_blog_post,migrated_full,"Conteúdo integral preservado; redirect 301 individual preparado para /blog/<slug>"
"http://www.consult.med.br/posts/?dt=historico-de-dosimetria-do-trabalhador-d01nTThqQmg4Sis2NStJTkluaFUxdz09",legacy_blog_post,migrated_full,"Conteúdo integral preservado; redirect 301 individual preparado para /blog/<slug>"
"http://www.consult.med.br/posts/?dt=ia-generativa-reduz-dose-em-angiografia-dsa-ensaio-clinico-com-mais-de-46-mil-pacientes-TkpaMzZPT2xCYjV4MzAzYk93eldRQT09",legacy_blog_post,migrated_full,"Conteúdo integral preservado; redirect 301 individual preparado para /blog/<slug>"
"http://www.consult.med.br/posts/?dt=ia-na-radioprotecao-a-aiea-quer-inteligencia-integrada-nao-automacao-cega-ZWdQaGczQXBPVngycm81OHFEVlBmQT09",legacy_blog_post,migrated_full,"Conteúdo integral preservado; redirect 301 individual preparado para /blog/<slug>"
"http://www.consult.med.br/posts/?dt=iaea-publica-novos-guias-de-seguranca-para-protecao-radiologica-de-pacientes-e-trabalhadores-TDhTVmhkOWx6c09YRXVQejRjYkNFQT09",legacy_blog_post,migrated_full,"Conteúdo integral preservado; redirect 301 individual preparado para /blog/<slug>"
"http://www.consult.med.br/posts/?dt=icrp-e-iaea-revisam-o-sistema-de-protecao-radiologica-o-que-muda-depois-da-publicacao-103-SEl1U3didzNoK2ZtVjlmRGRWaStnQT09",legacy_blog_post,migrated_full,"Conteúdo integral preservado; redirect 301 individual preparado para /blog/<slug>"
"http://www.consult.med.br/posts/?dt=indo-alem-do-controle-de-qualidade-na-radiologia-diagnostica-dERrQWlpQ29zZlA3UVRVeU1aTlJrdz09",legacy_blog_post,migrated_full,"Conteúdo integral preservado; redirect 301 individual preparado para /blog/<slug>"
"http://www.consult.med.br/posts/?dt=inteligencia-artificial-e-reducao-de-dose-em-tc-o-que-dizem-86-estudos-clinicos-Vy9QV2RvZ2FLUmRndmRibnUwL2EwZz09",legacy_blog_post,migrated_full,"Conteúdo integral preservado; redirect 301 individual preparado para /blog/<slug>"
"http://www.consult.med.br/posts/?dt=medicao-de-tempo-de-irradiacao-e-kilovoltagem-em-equipamentos-periapicais-Qi9vcnl4ekYvd3hMaW42eTlOZmQ1Zz09",legacy_blog_post,migrated_full,"Conteúdo integral preservado; redirect 301 individual preparado para /blog/<slug>"
"http://www.consult.med.br/posts/?dt=monitoramento-digital-da-exposicao-do-paciente-as-primeiras-diretrizes-internacionais-chegaram-e-sua-instituicao-deveria-conhece-las-Sis1dXhmWGNQRm5vdkpmTDF5ZXQ4Zz09",legacy_blog_post,migrated_full,"Conteúdo integral preservado; redirect 301 individual preparado para /blog/<slug>"
"http://www.consult.med.br/posts/?dt=norma-cnen-nn-3-01-revisada-o-que-muda-na-pratica-para-os-servicos-que-usam-radiacao-ionizante-MHMraVRKMkF2N1FibEt4Q0FSTG56QT09",legacy_blog_post,migrated_full,"Conteúdo integral preservado; redirect 301 individual preparado para /blog/<slug>"
"http://www.consult.med.br/posts/?dt=o-comentario-27-da-ncrp-sobre-a-aplicacao-do-modelo-linear-sem-limiar-Y1VvL2pLYlZMcmhGUVUwc0xESCs0Zz09",legacy_blog_post,migrated_full,"Conteúdo integral preservado; redirect 301 individual preparado para /blog/<slug>"
"http://www.consult.med.br/posts/?dt=o-papel-dos-pops-na-sustentabilidade-de-uma-organizacao-QmZBUHNwZXJHL2hOSi83dUtsWjR3dz09",legacy_blog_post,migrated_full,"Conteúdo integral preservado; redirect 301 individual preparado para /blog/<slug>"
"http://www.consult.med.br/posts/?dt=o-que-86-estudos-clinicos-dizem-sobre-ia-na-reducao-de-dose-em-tc-UDlkcmhMU0wyb0lMZmdvOVlYcktEdz09",legacy_blog_post,migrated_full,"Conteúdo integral preservado; redirect 301 individual preparado para /blog/<slug>"
"http://www.consult.med.br/posts/?dt=o-que-cinco-anos-de-evidencia-clinica-dizem-sobre-ia-para-reducao-de-dose-em-tc-VjFsS3lLSFBPY1NkRXhMckkyTmU0QT09",legacy_blog_post,migrated_full,"Conteúdo integral preservado; redirect 301 individual preparado para /blog/<slug>"
"http://www.consult.med.br/posts/?dt=protecao-radiologica-em-equipamentos-arco-c-NS9kS1lkbXlWaG5mTEJGNmlUZnhUdz09",legacy_blog_post,migrated_full,"Conteúdo integral preservado; redirect 301 individual preparado para /blog/<slug>"
"http://www.consult.med.br/posts/?dt=publicacao-das-nacoes-unidas-sobre-efeitos-da-radiacao-e-fontes-eHp4WWNyQkN6dlNIRDNjNVV3YUFIUT09",legacy_blog_post,migrated_full,"Conteúdo integral preservado; redirect 301 individual preparado para /blog/<slug>"
"http://www.consult.med.br/posts/?dt=publicado-iaea-hhs-47-um-guia-pratico-de-controle-de-qualidade-de-equipamentos-Nk8wSnFob1pNSC9qYXdmTVFFdEtLQT09",legacy_blog_post,migrated_full,"Conteúdo integral preservado; redirect 301 individual preparado para /blog/<slug>"
"http://www.consult.med.br/posts/?dt=revisao-de-2020-2025-quantifica-ia-reduz-de-40-a-90-da-dose-em-tc-com-ressalvas-importantes-U2tyQzMzM2IrYzJVUW4vcDhZaW5KQT09",legacy_blog_post,migrated_full,"Conteúdo integral preservado; redirect 301 individual preparado para /blog/<slug>"
"http://www.consult.med.br/posts/?dt=risco-de-catarata-induzida-por-radiacao-investigacao-da-exposicao-a-radiacao-na-lente-ocular-durante-procedimentos-endo-urologicos-MFE0cGVYUE15RDIvNHl4Q21tMzByQT09",legacy_blog_post,migrated_full,"Conteúdo integral preservado; redirect 301 individual preparado para /blog/<slug>"
"http://www.consult.med.br/posts/?dt=sobre-qualidade-formas-de-evidenciar-reunioes-e-treinamentos-realizados-virtualmente-NmRoYlRuMDZpOStTTzdvVU5LZXZjZz09",legacy_blog_post,migrated_full,"Conteúdo integral preservado; redirect 301 individual preparado para /blog/<slug>"
"http://www.consult.med.br/posts/?dt=tamanho-do-paciente-importa-efeito-da-modulacao-de-corrente-na-ssde-e-na-qualidade-da-imagem-na-tc-de-rastreamento-de-cancer-de-pulmao-em-baixa-dose-cVhUQUJtSlJ0eW9zVHVmUTVXc0c1QT09",legacy_blog_post,migrated_full,"Conteúdo integral preservado; redirect 301 individual preparado para /blog/<slug>"
"http://www.consult.med.br/posts/?dt=tc-de-contagem-de-fotons-reduz-dose-em-66-na-avaliacao-de-cancer-de-pulmao-NUFDVXR2QVltZWJENmJHTSs2cFgrUT09",legacy_blog_post,migrated_full,"Conteúdo integral preservado; redirect 301 individual preparado para /blog/<slug>"
"http://www.consult.med.br/posts/?dt=tc-por-contagem-de-fotons-a-nova-era-do-diagnostico-por-imagem-chega-ao-mercado-S21NYVVOTGZITXQ4MkVjUWlheVFwUT09",legacy_blog_post,migrated_full,"Conteúdo integral preservado; redirect 301 individual preparado para /blog/<slug>"
"http://www.consult.med.br/posts/?dt=tc-por-contagem-de-fotons-reduz-55-da-dose-em-cancer-de-pulmao-e-tambem-o-contraste-dXNSK0lrZ09SeW9ZZUtPYnlsR2syZz09",legacy_blog_post,migrated_full,"Conteúdo integral preservado; redirect 301 individual preparado para /blog/<slug>"
"http://www.consult.med.br/posts/?dt=tomografia-com-detectores-de-contagem-de-fotons-consolida-reducoes-de-dose-de-2-a-10-vezes-eXppN0F4SWVINVhqbmZIdHI1SmJ6dz09",legacy_blog_post,migrated_full,"Conteúdo integral preservado; redirect 301 individual preparado para /blog/<slug>"
"http://www.consult.med.br/posts/?dt=tomografia-computadorizada-nao-deve-ser-usada-como-primeira-opcao-em-diagnostico-de-coronavirus-VXhuZGtSeTdLVjVoeWJVUHJmOUpRUT09",legacy_blog_post,migrated_full,"Conteúdo integral preservado; redirect 301 individual preparado para /blog/<slug>"
"http://www.consult.med.br/posts/?dt=tomografia-por-contagem-de-fotons-consolida-ganhos-de-dose-em-2026-evidencia-clinica-por-regiao-anatomica-eWt3QU44UHlhd3dsRVZ0anpILzN2QT09",legacy_blog_post,migrated_full,"Conteúdo integral preservado; redirect 301 individual preparado para /blog/<slug>"
"http://www.consult.med.br/posts/?dt=validade-de-treinamentos-online-ppr-digital-e-a-digitalizacao-de-documentos-bHFHZ2tPRThMUHpnQUZ1S1NrNW9EZz09",legacy_blog_post,migrated_full,"Conteúdo integral preservado; redirect 301 individual preparado para /blog/<slug>"
