source_pattern,target,rule_type,rationale
/,/,keep,"Home remains home"
/index.html,/,301,"Legacy home alias"
/contato.html,/#contato,301,"Closest equivalent contact section"
/empresa.html,/sobre,301,"Institutional company page"
/pericia.html,/servicos,301,"No one-to-one page in current scope; service catalogue is the closest destination"
/radio.html,/protecao-radiologica,301,"Closest radiological protection silo"
/saude.html,/servicos,301,"Closest current service catalogue"
/posts/?ct=conversando-sobre-radioprotecao-*,/blog,301,"Legacy blog category and pagination"
/posts/?dt=consult-fortalece-educacao-continuada-com-nova-plataforma-de-cursos-digitais-*,/blog/educacao-continuada-cursos-digitais-radioprotecao,301,"Migrated article"
/posts/?dt=publicado-iaea-hhs-47-um-guia-pratico-de-controle-de-qualidade-de-equipamentos-*,/blog/iaea-hhs-47-controle-qualidade-equipamentos,301,"Migrated article"
/posts/?dt=protecao-radiologica-em-equipamentos-arco-c-*,/blog/protecao-radiologica-equipamentos-arco-c,301,"Migrated article"
/posts/?dt=5-procedimentos-simples-para-garantir-a-confiabilidade-do-seu-ultrassom-*,/fisica-medica/controle-de-qualidade/ultrassom,301,"Closest current technical page"
/posts/?dt=controle-de-qualidade-em-ultrassom-sua-clinica-esta-atendendo-a-instrucao-normativa-96-da-anvisa-*,/fisica-medica/controle-de-qualidade/ultrassom,301,"Closest current technical page"
/posts/?dt=densidade-mamaria-na-mamografia-*,/fisica-medica/controle-de-qualidade/mamografia,301,"Closest current technical page"
/posts/?dt=fatores-que-afetam-a-detectividade-do-cancer-de-mama-*,/fisica-medica/controle-de-qualidade/mamografia,301,"Closest current technical page"
/posts/?dt=tomografia-computadorizada-nao-deve-ser-usada-*,/fisica-medica/controle-de-qualidade/tomografia,301,"Closest current technical page"
/posts/?dt=o-que-86-estudos-clinicos-dizem-sobre-ia-na-reducao-de-dose-em-tc-*,/fisica-medica/controle-de-qualidade/tomografia,301,"Closest current technical page"
/posts/?dt=tc-por-contagem-de-fotons-*,/fisica-medica/controle-de-qualidade/tomografia,301,"Closest current technical page"
/posts/?dt=25-anos-de-avancos-em-tc-*,/fisica-medica/controle-de-qualidade/tomografia,301,"Closest current technical page"
/posts/?dt=tamanho-do-paciente-importa-*,/fisica-medica/controle-de-qualidade/tomografia,301,"Closest current technical page"
/posts/?dt=ia-generativa-reduz-dose-em-angiografia-dsa-*,/fisica-medica/controle-de-qualidade/fluoroscopia-arco-c-angiografia,301,"Closest current technical page"
/posts/?dt=gerenciamento-da-dose-de-radiacao-do-paciente-em-radiologia-intervencionista-*,/protecao-radiologica,301,"Closest current radioprotection silo"
/posts/?dt=dose-no-cristalino-em-radiologia-intervencionista-*,/protecao-radiologica,301,"Closest current radioprotection silo"
/posts/?dt=dose-no-cristalino-em-procedimentos-intervencionistas-*,/protecao-radiologica,301,"Closest current radioprotection silo"
/posts/?dt=alara-9-sociedades-medicas-*,/protecao-radiologica,301,"Closest current radioprotection silo"
/posts/?dt=acr-endossa-posicao-da-aapm-*,/protecao-radiologica,301,"Closest current radioprotection silo"
/posts/?dt=icrp-e-iaea-revisam-o-sistema-de-protecao-radiologica-*,/protecao-radiologica,301,"Closest current radioprotection silo"
/posts/?dt=norma-cnen-nn-3-01-revisada-*,/protecao-radiologica,301,"Closest current radioprotection silo"
/posts/?dt=monitoramento-digital-da-exposicao-do-paciente-*,/protecao-radiologica,301,"Closest current radioprotection silo"
/posts/?dt=risco-de-catarata-induzida-por-radiacao-*,/protecao-radiologica,301,"Closest current radioprotection silo"
/posts/?dt=historico-de-dosimetria-do-trabalhador-*,/protecao-radiologica,301,"Closest current radioprotection silo"
/posts/?dt=dosimetro-instadose-*,/protecao-radiologica,301,"Closest current radioprotection silo"
/posts/?dt=publicacao-das-nacoes-unidas-sobre-efeitos-da-radiacao-*,/protecao-radiologica,301,"Closest current radioprotection silo"
/posts/?dt=o-comentario-27-da-ncrp-*,/protecao-radiologica,301,"Closest current radioprotection silo"
/posts/?dt=ia-na-radioprotecao-*,/protecao-radiologica,301,"Closest current radioprotection silo"
/posts/?dt=exames-radiologicos-na-gravidez-*,/blog,301,"Historical informational article without one-to-one replacement"
/posts/?dt=medicao-de-tempo-de-irradiacao-e-kilovoltagem-em-equipamentos-periapicais-*,/blog,301,"Historical technical article without one-to-one replacement"
/posts/?dt=sobre-qualidade-formas-de-evidenciar-reunioes-e-treinamentos-realizados-virtualmente-*,/blog,301,"Historical article without one-to-one replacement"
/posts/?dt=validade-de-treinamentos-online-ppr-digital-*,/protecao-radiologica/treinamentos,301,"Closest current training page"
/posts/?dt=estudo-global-revela-grande-variacao-nas-doses-de-radiacao-em-imagem-cardiaca-*,/blog,301,"Historical informational article without one-to-one replacement"
/posts/?dt=fda-nega-peticao-para-isentar-ia-de-revisao-pre-mercado-em-radiologia-*,/blog,301,"Historical informational article without one-to-one replacement"
/posts/?dt=*,/blog,301_fallback,"Catch-all for legacy article URLs not present in the discovery set"
